{
    "architectures": [
      "T5WithLMHeadModel"
    ],
    "d_ff": 5120,
    "d_kv": 64,
    "d_model": 1280,
    "decoder_start_token_id": 0,
    "dropout_rate": 0.1,
    "eos_token_id": 1,
    "initializer_factor": 1.0,
    "is_encoder_decoder": true,
    "layer_norm_epsilon": 1e-06,
    "model_type": "t5",
    "num_heads": 20,
    "num_layers": 36,
    "output_past": true,
    "pad_token_id": 0,
    "relative_attention_num_buckets": 64,
    "task_specific_params": {
    },
    "vocab_size": 32128
}
